datetime,rainfall_mm,runoff_mm,inflow_m3s
1979-08-05 00:00:00,0.1784080581573231,0.04093247079849243,0.0
1979-08-05 01:00:00,0.1784080581573231,0.04093247079849243,0.01587708508157077
1979-08-05 02:00:00,0.19462697253526162,0.0446536045074463,0.051539633236069415
1979-08-05 03:00:00,0.22706480129113848,0.052095871925354,0.12569208461861842
1979-08-05 04:00:00,0.25950263004701546,0.05953813934326172,0.245484867052802
1979-08-05 05:00:00,0.25950263004701546,0.05953813934326172,0.42276087092860665
1979-08-05 06:00:00,0.30815937318083086,0.07070154047012331,0.6705182441395142
1979-08-05 07:00:00,0.3405972019367076,0.07814380788803098,1.0046262662130805
1979-08-05 08:00:00,0.4379106882043385,0.10047061014175414,1.4473950492413883
1979-08-05 09:00:00,0.5514430888499078,0.12651854610443117,2.021895627959817
1979-08-05 10:00:00,0.875821376408677,0.20094122028350828,2.763532130489585
1979-08-05 11:00:00,6.941695353757663,1.5926452274322511,3.719749334055139
1979-08-05 12:00:00,1.7678616671952925,0.4056035742759704,5.44521755882027
1979-08-05 13:00:00,0.7785078901410452,0.1786144180297849,7.649319713357097
1979-08-05 14:00:00,0.4865674313381544,0.11163401126861582,10.721808989134058
1979-08-05 15:00:00,0.35681611631464655,0.08186494159698493,14.257305469350113
1979-08-05 16:00:00,0.2919404588028926,0.0669804067611695,18.270301909568836
1979-08-05 17:00:00,0.2595026300470157,0.05953813934326177,22.81255200447856
1979-08-05 18:00:00,0.2270648012911387,0.05209587192535405,27.829660836522176
1979-08-05 19:00:00,0.21084588691320022,0.04837473821640019,33.57442585262359
1979-08-05 20:00:00,0.21084588691319842,0.048374738216399774,39.71959604936361
1979-08-05 21:00:00,0.19462697253526173,0.04465360450744633,46.43939078585032
1979-08-05 22:00:00,0.19462697253526173,0.04465360450744633,53.17096516705342
1979-08-05 23:00:00,0.4865674313381544,0.11163401126861582,59.29034894416349
1979-08-06 00:00:00,0.1201251042319305,0.015441966652870178,64.87268849224454
1979-08-06 01:00:00,0.1201251042319305,0.015441966652870178,69.4823706722983
1979-08-06 02:00:00,0.13104556825301514,0.016845781803131107,73.25752606902206
1979-08-06 03:00:00,0.15288649629518425,0.019653412103652953,76.12542447486098
1979-08-06 04:00:00,0.17472742433735347,0.022461042404174805,77.96486644833642
1979-08-06 05:00:00,0.17472742433735347,0.022461042404174805,79.05580154713573
1979-08-06 06:00:00,0.20748881640060726,0.026672487854957586,79.47740793873308
1979-08-06 07:00:00,0.22932974444277632,0.029480118155479417,79.4638019413766
1979-08-06 08:00:00,0.2948525285692839,0.037903009057044974,78.26884730457893
1979-08-06 09:00:00,0.37129577671687614,0.047729715108871466,76.65898760455617
1979-08-06 10:00:00,0.5897050571385678,0.07580601811408995,74.66409235213467
1979-08-06 11:00:00,4.673958601024205,0.6008328843116761,72.37608836557405
1979-08-06 12:00:00,1.1903305782982203,0.15301585137844084,70.02188559499258
1979-08-06 13:00:00,0.5241822730120597,0.06738312721252432,67.39538664085954
1979-08-06 14:00:00,0.327613920632538,0.042114454507827796,64.73449844403838
1979-08-06 15:00:00,0.24025020846386122,0.030883933305740383,61.806421566032505
1979-08-06 16:00:00,0.1965683523795228,0.02526867270469668,58.85881614406106
1979-08-06 17:00:00,0.1747274243373536,0.022461042404174826,56.68668976764334
1979-08-06 18:00:00,0.15288649629518442,0.01965341210365297,54.84149448600311
1979-08-06 19:00:00,0.14196603227409982,0.018249596953392046,53.348177474076856
1979-08-06 20:00:00,0.1419660322740986,0.01824959695339189,52.220646441705775
1979-08-06 21:00:00,0.13104556825301522,0.016845781803131118,51.8067365712383
1979-08-06 22:00:00,0.13104556825301522,0.016845781803131118,51.55214683488955
1979-08-06 23:00:00,0.327613920632538,0.042114454507827796,51.175429713590475
1979-08-07 00:00:00,0.30789981605014893,0.12238717937469482,50.92122577487248
1979-08-07 01:00:00,0.30789981605014893,0.12238717937469482,50.566967809837635
1979-08-07 02:00:00,0.33589070841834445,0.1335132865905762,50.05922550231574
1979-08-07 03:00:00,0.391872493154735,0.15576550102233885,49.40531730300683
1979-08-07 04:00:00,0.4478542778911258,0.17801771545410155,48.6933574239127
1979-08-07 05:00:00,0.4478542778911258,0.17801771545410155,48.00106601714299
1979-08-07 06:00:00,0.531826954995712,0.21139603710174565,47.334354898136155
1979-08-07 07:00:00,0.5878087397321023,0.2336482515335082,46.90140963831318
1979-08-07 08:00:00,0.7557540939412747,0.30040489482879634,46.527981052825034
1979-08-07 09:00:00,0.9516903405186423,0.37828764533996584,46.47287797037826
1979-08-07 10:00:00,1.5115081878825494,0.6008097896575927,46.802264896650584
1979-08-07 11:00:00,11.980101933587616,4.761973888397217,47.752356591947425
1979-08-07 12:00:00,3.051007268133294,1.2127456865310668,50.953997835216306
1979-08-07 13:00:00,1.3435628336733754,0.5340531463623039,55.46180616050873
1979-08-07 14:00:00,0.8397267710458616,0.3337832164764407,62.475466947336606
1979-08-07 15:00:00,0.6157996321002985,0.24477435874938985,70.80021545243957
1979-08-07 16:00:00,0.5038360626275169,0.20026992988586442,80.52341188132165
1979-08-07 17:00:00,0.4478542778911262,0.17801771545410172,92.07653244671107
1979-08-07 18:00:00,0.3918724931547354,0.155765501022339,105.17626271095567
1979-08-07 19:00:00,0.36388160078654,0.14463939380645766,120.55435354510067
1979-08-07 20:00:00,0.3638816007865369,0.1446393938064564,137.24438505917078
1979-08-07 21:00:00,0.3358907084183446,0.1335132865905763,155.8571034888762
1979-08-07 22:00:00,0.3358907084183446,0.1335132865905763,174.57780332562228
1979-08-07 23:00:00,0.8397267710458616,0.3337832164764407,191.52601035874156
1979-08-08 00:00:00,0.22321972917559466,0.06611088371276855,207.0031866628932
1979-08-08 01:00:00,0.22321972917559466,0.06611088371276855,219.67511320484368
1979-08-08 02:00:00,0.24351243182792154,0.07212096405029299,229.91598786053513
1979-08-08 03:00:00,0.284097837132575,0.08414112472534178,237.54762087936487
1979-08-08 04:00:00,0.3246832424372286,0.09616128540039062,242.25950226894565
1979-08-08 05:00:00,0.3246832424372286,0.09616128540039062,244.83279431551966
1979-08-08 06:00:00,0.385561350394209,0.11419152641296389,245.48179735588167
1979-08-08 07:00:00,0.42614675569886235,0.12621168708801264,244.93826567631118
1979-08-08 08:00:00,0.5479029716128232,0.16227216911315917,240.99471119848252
1979-08-08 09:00:00,0.6899518901791108,0.2043427314758301,235.91747314956476
1979-08-08 10:00:00,1.0958059432256464,0.32454433822631834,229.79592204829956
1979-08-08 11:00:00,8.685276735195867,2.5723143844604497,222.95379094215858
1979-08-08 12:00:00,2.2119045891036198,0.655098756790161,216.3387372500732
1979-08-08 13:00:00,0.9740497273116845,0.28848385620117145,209.18603211318887
1979-08-08 14:00:00,0.6087810795698042,0.1803024101257326,202.37989887726232
1979-08-08 15:00:00,0.44643945835118976,0.13222176742553723,195.0428861454817
1979-08-08 16:00:00,0.3652686477418825,0.10818144607543954,187.90281007731014
1979-08-08 17:00:00,0.3246832424372289,0.0961612854003907,183.35238983305186
1979-08-08 18:00:00,0.2840978371325753,0.08414112472534187,180.0391537862175
1979-08-08 19:00:00,0.2638051344802485,0.07813104438781746,178.16177290014926
1979-08-08 20:00:00,0.26380513448024623,0.07813104438781679,177.58771901243833
1979-08-08 21:00:00,0.24351243182792168,0.07212096405029303,179.43682391897647
1979-08-08 22:00:00,0.24351243182792168,0.07212096405029303,181.778061489136
1979-08-08 23:00:00,0.6087810795698042,0.1803024101257326,183.4646397161706
1979-08-09 00:00:00,0.07706592789446655,0.004352625668048858,185.26294948811955
1979-08-09 01:00:00,0.07706592789446655,0.004352625668048858,186.15182067702136
1979-08-09 02:00:00,0.08407192133941807,0.004748318910598757,186.00340936892738
1979-08-09 03:00:00,0.09808390822932105,0.005539705395698547,184.64959457677304
1979-08-09 04:00:00,0.11209589511922408,0.00633109188079834,182.23264289477316
1979-08-09 05:00:00,0.11209589511922408,0.00633109188079834,179.00039815939647
1979-08-09 06:00:00,0.1331138754540786,0.0075181716084480295,174.89363382664365
1979-08-09 07:00:00,0.14712586234398153,0.008309558093547817,170.51242767934264
1979-08-09 08:00:00,0.18916182301369058,0.010683717548847197,164.75966293502634
1979-08-09 09:00:00,0.23820377712835117,0.013453570246696474,158.57246239920505
1979-08-09 10:00:00,0.37832364602738117,0.021367435097694395,151.84343325925573
1979-08-09 11:00:00,2.998565194439244,0.16935670781135562,144.8955971187469
1979-08-09 12:00:00,0.7636532854997139,0.04313056343793868,137.71835694312537
1979-08-09 13:00:00,0.33628768535767173,0.018993275642394992,130.00826297501848
1979-08-09 14:00:00,0.2101798033485453,0.011870797276496897,121.94719895145573
1979-08-09 15:00:00,0.15413185578893324,0.008705251336097725,113.50420269711235
1979-08-09 16:00:00,0.12610788200912718,0.007122478365898139,104.92971773866117
1979-08-09 17:00:00,0.11209589511922417,0.006331091880798345,97.43306280492176
1979-08-09 18:00:00,0.09808390822932114,0.005539705395698552,90.43920855653309
1979-08-09 19:00:00,0.09107791478436963,0.005144012153148656,83.86891693514187
1979-08-09 20:00:00,0.09107791478436886,0.005144012153148612,77.78957197219705
1979-08-09 21:00:00,0.08407192133941813,0.004748318910598759,72.62618232431161
1979-08-09 22:00:00,0.08407192133941813,0.004748318910598759,67.75878795530723
1979-08-09 23:00:00,0.2101798033485453,0.011870797276496897,63.05344347813095
1979-08-10 00:00:00,0.336926414726684,0.14357806396484374,58.853112291719825
1979-08-10 01:00:00,0.336926414726684,0.14357806396484374,54.99803527180005
1979-08-10 02:00:00,0.3675560887927463,0.15663061523437505,51.33736631028059
1979-08-10 03:00:00,0.4288154369248705,0.18273571777343747,48.00942352301987
1979-08-10 04:00:00,0.4900747850569949,0.2088408203125,45.22616108027846
1979-08-10 05:00:00,0.4900747850569949,0.2088408203125,42.84420574683582
1979-08-10 06:00:00,0.5819638072551816,0.2479984741210938,40.802793889079254
1979-08-10 07:00:00,0.6432231553873056,0.2741035766601561,39.29315091197066
1979-08-10 08:00:00,0.8270011997836788,0.3524188842773437,38.368415558035416
1979-08-10 09:00:00,1.0414089182461144,0.4437867431640625,38.03330603148868
1979-08-10 10:00:00,1.6540023995673576,0.7048377685546874,38.33979408892809
1979-08-10 11:00:00,13.109500500274615,5.586491943359376,39.57138162727031
1979-08-10 12:00:00,3.3386344732007776,1.422728088378906,43.65582091387588
1979-08-10 13:00:00,1.4702243551709826,0.6265224609374991,49.52319624581931
1979-08-10 14:00:00,0.9188902219818663,0.39157653808593784,58.49953991217869
1979-08-10 15:00:00,0.6738528294533687,0.28715612792968775,69.22562287807186
1979-08-10 16:00:00,0.5513341331891198,0.2349459228515627,81.69594158273395
1979-08-10 17:00:00,0.49007478505699537,0.20884082031250017,96.13823024480934
1979-08-10 18:00:00,0.42881543692487095,0.18273571777343767,112.38148138125499
1979-08-10 19:00:00,0.39818576285880874,0.1696831665039064,131.30902521925842
1979-08-10 20:00:00,0.3981857628588053,0.16968316650390494,151.7239293555918
1979-08-10 21:00:00,0.36755608879274654,0.15663061523437513,174.24409653780458
1979-08-10 22:00:00,0.36755608879274654,0.15663061523437513,196.85902555604392
1979-08-10 23:00:00,0.9188902219818663,0.39157653808593784,217.37245661600028
1979-08-11 00:00:00,1.7638565809789264,1.4640982208251951,236.06359064166682
1979-08-11 01:00:00,1.7638565809789264,1.4640982208251951,251.9391323342862
1979-08-11 02:00:00,1.9242071792497386,1.5971980590820318,265.60702732635724
1979-08-11 03:00:00,2.244908375791361,1.863397735595703,277.5147025891245
1979-08-11 04:00:00,2.565609572332984,2.129597412109375,287.5050686520627
1979-08-11 05:00:00,2.565609572332984,2.129597412109375,296.9005542277354
1979-08-11 06:00:00,3.0466613671454192,2.528896926879883,306.4225132192283
1979-08-11 07:00:00,3.36736256368704,2.7950966033935534,317.4646072170524
1979-08-11 08:00:00,4.32946615331191,3.59369563293457,328.1465678903456
1979-08-11 09:00:00,5.451920341207591,4.525394500732422,341.93507997924695
1979-08-11 10:00:00,8.65893230662382,7.18739126586914,360.14805187648176
1979-08-11 11:00:00,68.63005605990733,56.96673077392579,384.7489698652176
1979-08-11 12:00:00,17.478215211518453,14.507882369995116,435.65478302796987
1979-08-11 13:00:00,7.696828716998941,6.388792236328116,502.1408841620787
1979-08-11 14:00:00,4.81051794812435,3.9929951477050816,598.4393065515478
1979-08-11 15:00:00,3.5277131619578563,2.9281964416503934,709.772051954716
1979-08-11 16:00:00,2.8863107688746097,2.395797088623049,837.4989399521462
1979-08-11 17:00:00,2.565609572332986,2.129597412109377,986.1837266235588
1979-08-11 18:00:00,2.244908375791363,1.8633977355957048,1152.383863561444
1979-08-11 19:00:00,2.0845577775205513,1.7302978973388687,1344.895614016642
1979-08-11 20:00:00,2.0845577775205335,1.7302978973388539,1552.4891037105476
1979-08-11 21:00:00,1.9242071792497397,1.5971980590820327,1782.3856511454753
1979-08-11 22:00:00,1.9242071792497397,1.5971980590820327,2013.255788421973
1979-08-11 23:00:00,4.81051794812435,3.9929951477050816,2222.616019443679
1979-08-12 00:00:00,1.5555345898590496,1.2608222122192383,2413.9126098139964
1979-08-12 01:00:00,1.5555345898590496,1.2608222122192383,2571.4759464095623
1979-08-12 02:00:00,1.696946825300782,1.3754424133300787,2699.9033000753416
1979-08-12 03:00:00,1.9797712961842446,1.6046828155517576,2796.856119361642
1979-08-12 04:00:00,2.2625957670677086,1.8339232177734375,2858.522015812217
1979-08-12 05:00:00,2.2625957670677086,1.8339232177734375,2894.899764739668
1979-08-12 06:00:00,2.6868324733929043,2.1777838211059573,2908.838273592987
1979-08-12 07:00:00,2.969656944276366,2.4070242233276358,2909.2610131694164
1979-08-12 08:00:00,3.8181303569267575,3.0947454299926753,2870.0026175728867
1979-08-12 09:00:00,4.808016005018881,3.897086837768555,2818.5370690952764
1979-08-12 10:00:00,7.636260713853515,6.189490859985351,2756.3835626661958
1979-08-12 11:00:00,60.52443676906121,49.05744607543946,2687.883719630519
1979-08-12 12:00:00,15.413933663148763,12.493601921081542,2630.6352156586304
1979-08-12 13:00:00,6.787787301203116,5.501769653320305,2572.0963016127434
1979-08-12 14:00:00,4.242367063251957,3.438606033325198,2527.520929063532
1979-08-12 15:00:00,3.111069179718102,2.521644424438479,2481.73179207946
1979-08-12 16:00:00,2.5454202379511743,2.063163619995119,2443.6719307031544
1979-08-12 17:00:00,2.2625957670677104,1.833923217773439,2442.617535423412
1979-08-12 18:00:00,1.9797712961842466,1.6046828155517592,2461.7265124467317
1979-08-12 19:00:00,1.8383590607425149,1.4900626144409193,2506.275816413536
1979-08-12 20:00:00,1.838359060742499,1.4900626144409066,2570.9577509831493
1979-08-12 21:00:00,1.696946825300783,1.3754424133300793,2671.171322475838
1979-08-12 22:00:00,1.696946825300783,1.3754424133300793,2777.3382118917852
1979-08-12 23:00:00,4.242367063251957,3.438606033325198,2868.6000934346016
1979-08-13 00:00:00,0.10377285746318317,0.010283041596412659,2954.9912077681356
1979-08-13 01:00:00,0.10377285746318317,0.010283041596412659,3019.211460604649
1979-08-13 02:00:00,0.11320675359619986,0.011217863559722903,3061.309474430831
1979-08-13 03:00:00,0.13207454586223313,0.013087507486343382,3078.3006256451986
1979-08-13 04:00:00,0.15094233812826643,0.014957151412963868,3070.4488313658326
1979-08-13 05:00:00,0.15094233812826643,0.014957151412963868,3043.9039787977786
1979-08-13 06:00:00,0.17924402652731644,0.017761617302894595,2998.7564382002797
1979-08-13 07:00:00,0.19811181879334963,0.019631261229515067,2944.6944543052873
1979-08-13 08:00:00,0.25471519559144956,0.02524019300937652,2860.029920934335
1979-08-13 09:00:00,0.3207524685225662,0.03178394675254822,2764.6725856742696
1979-08-13 10:00:00,0.5094303911828991,0.05048038601875304,2657.4978237501186
1979-08-13 11:00:00,4.037707544931128,0.4001038002967835,2543.1762687866553
1979-08-13 12:00:00,1.028294678498815,0.10189559400081633,2421.2072578349052
1979-08-13 13:00:00,0.45282701438479867,0.04487145423889154,2287.142570598518
1979-08-13 14:00:00,0.28301688399049985,0.028044658899307275,2143.82135225356
1979-08-13 15:00:00,0.20754571492636653,0.020566083192825334,1990.3722471851986
1979-08-13 16:00:00,0.1698101303942999,0.016826795339584366,1832.5591035375649
1979-08-13 17:00:00,0.15094233812826657,0.01495715141296388,1693.7032950361981
1979-08-13 18:00:00,0.13207454586223324,0.013087507486343396,1562.0654800193151
1979-08-13 19:00:00,0.1226406497292166,0.012152685523033153,1435.62800019507
1979-08-13 20:00:00,0.12264064972921554,0.012152685523033049,1317.1183502806405
1979-08-13 21:00:00,0.11320675359619993,0.01121786355972291,1214.6806998082848
1979-08-13 22:00:00,0.11320675359619993,0.01121786355972291,1117.5454631960147
1979-08-13 23:00:00,0.28301688399049985,0.028044658899307275,1024.2208291162747
1979-08-14 00:00:00,0.18293481457002606,0.04328857660293579,941.2160188704802
1979-08-14 01:00:00,0.18293481457002606,0.04328857660293579,865.2337614751849
1979-08-14 02:00:00,0.1995652522582103,0.04722390174865724,792.8320171827572
1979-08-14 03:00:00,0.2328261276345786,0.055094552040100095,724.7692567406732
1979-08-14 04:00:00,0.266087003010947,0.06296520233154297,664.7176490193424
1979-08-14 05:00:00,0.266087003010947,0.06296520233154297,609.4885920742227
1979-08-14 06:00:00,0.3159783160754996,0.07477117776870729,557.0437095287626
1979-08-14 07:00:00,0.34923919145186777,0.08264182806015011,509.63765339890585
1979-08-14 08:00:00,0.449021817580973,0.10625377893447875,468.2756312776086
1979-08-14 09:00:00,0.5654348813982624,0.13380105495452882,430.1961784653871
1979-08-14 10:00:00,0.898043635161946,0.2125075578689575,394.02932144286274
1979-08-14 11:00:00,7.117827330542833,1.6843191623687745,361.9134254696779
1979-08-14 12:00:00,1.8127177080120762,0.42895044088363643,333.8101670752991
1979-08-14 13:00:00,0.7982610090328399,0.18889560699462865,308.44648976601184
1979-08-14 14:00:00,0.49891313064552606,0.11805975437164318,285.6508179383921
1979-08-14 15:00:00,0.36586962914005244,0.08657715320587166,266.37093968066415
1979-08-14 16:00:00,0.29934787838731564,0.0708358526229859,249.1574363745921
1979-08-14 17:00:00,0.26608700301094723,0.06296520233154303,233.64443066745318
1979-08-14 18:00:00,0.23282612763457883,0.05509455204010014,220.91640316979615
1979-08-14 19:00:00,0.21619568994639463,0.051159226894378705,211.2998544079885
1979-08-14 20:00:00,0.2161956899463928,0.05115922689437827,203.26611760157772
1979-08-14 21:00:00,0.19956525225821042,0.04722390174865727,196.602244139571
1979-08-14 22:00:00,0.19956525225821042,0.04722390174865727,190.59660041329198
1979-08-14 23:00:00,0.49891313064552606,0.11805975437164318,184.5750907054911
1979-08-15 00:00:00,0.00242131519705196,4.7365325968712564e-05,178.52779021697438
1979-08-15 01:00:00,0.00242131519705196,4.7365325968712564e-05,171.94218295382663
1979-08-15 02:00:00,0.002641434760420321,5.1671264693141e-05,164.98584256182986
1979-08-15 03:00:00,0.00308167388715704,6.028314214199781e-05,158.71670204955348
1979-08-15 04:00:00,0.0035219130138937605,6.889501959085465e-05,153.2120570242095
1979-08-15 05:00:00,0.0035219130138937605,6.889501959085465e-05,147.5780142108738
1979-08-15 06:00:00,0.004182271703998841,8.18128357641399e-05,141.84004627520082
1979-08-15 07:00:00,0.004622510830735558,9.042471321299668e-05,136.42459686994505
1979-08-15 08:00:00,0.00594322821094572,0.0001162603455595672,130.0668719624601
1979-08-15 09:00:00,0.007484065154524241,0.00014640191663056612,123.46589909692585
1979-08-15 10:00:00,0.01188645642189144,0.0002325206911191344,116.61144195490054
1979-08-15 11:00:00,0.0942111731216581,0.001842941774055362,109.6032492138582
1979-08-15 12:00:00,0.02399303240715124,0.0004693473209626972,102.8145995780596
1979-08-15 13:00:00,0.010565739041681265,0.00020668505877256363,96.38225220928462
1979-08-15 14:00:00,0.006603586901050807,0.00012917816173285256,89.87682855853969
1979-08-15 15:00:00,0.0048426303941039245,9.473065193742522e-05,83.16854973194293
1979-08-15 16:00:00,0.003962152140630484,7.750689703971154e-05,76.44337035288562
1979-08-15 17:00:00,0.0035219130138937635,6.88950195908547e-05,70.40620950374425
1979-08-15 18:00:00,0.003081673887157043,6.028314214199787e-05,64.61361699536909
1979-08-15 19:00:00,0.002861554323788683,5.597720341756945e-05,59.00167425826432
1979-08-15 20:00:00,0.0028615543237886583,5.597720341756897e-05,53.68298844541184
1979-08-15 21:00:00,0.002641434760420323,5.167126469314103e-05,48.9890076746431
1979-08-15 22:00:00,0.002641434760420323,5.167126469314103e-05,44.60485034980187
1979-08-15 23:00:00,0.006603586901050807,0.00012917816173285256,40.41165371152025
