time_s,discharge_m3s
0.000,0.000000
5.000,11087.454891
10.000,11004.600331
15.000,10913.179555
20.000,10813.756519
25.000,10706.968573
30.000,10593.316925
35.000,10473.073994
40.000,10345.958877
45.000,10208.964280
50.000,10067.796411
55.000,9941.407367
60.000,9687.622936
65.000,9394.636331
70.000,9112.971323
75.000,8842.125135
80.000,8581.618841
85.000,8330.996331
90.000,8089.823274
95.000,7857.686119
100.000,7634.191119
105.000,7418.963387
110.000,7211.645981
115.000,7011.899033
120.000,6819.398903
125.000,6633.837379
130.000,6454.920905
135.000,6282.369847
140.000,6115.917795
145.000,5955.310893
150.000,5800.307212
155.000,5650.676142
160.000,5506.197826
165.000,5366.662611
170.000,5231.870538
175.000,5101.630851
180.000,4975.761535
185.000,4854.088877
190.000,4736.447052
195.000,4622.677726
200.000,4512.629683
205.000,4406.158473
210.000,4303.126078
215.000,4203.400591
220.000,4106.855918
225.000,4013.371494
230.000,3922.832009
235.000,3835.127158
240.000,3750.151396
245.000,3667.803707
250.000,3587.987390
255.000,3510.609850
260.000,3435.582404
265.000,3362.820096
270.000,3292.241518
275.000,3223.768650
280.000,3157.326695
285.000,3092.843931
290.000,3030.251572
295.000,2969.483629
300.000,2910.476783
305.000,2853.170263
310.000,2797.505731
315.000,2743.427172
320.000,2690.880787
325.000,2639.814898
330.000,2590.179850
335.000,2541.927925
340.000,2495.013252
345.000,2449.391730
350.000,2405.020948
355.000,2361.860114
360.000,2319.869982
365.000,2279.012790
370.000,2239.252190
375.000,2200.553195
380.000,2162.882116
385.000,2126.206508
390.000,2090.495121
395.000,2055.717847
400.000,2021.845673
405.000,1988.850638
410.000,1956.705785
415.000,1925.385125
420.000,1894.863595
425.000,1865.117020
430.000,1836.122079
435.000,1807.856269
440.000,1780.297873
445.000,1753.425928
450.000,1727.220197
455.000,1701.661140
460.000,1676.729883
465.000,1652.408198
470.000,1628.678472
475.000,1605.523690
480.000,1582.927403
485.000,1560.873716
490.000,1539.347259
495.000,1518.333173
500.000,1497.817086
505.000,1477.785097
510.000,1458.223760
515.000,1439.120063
520.000,1420.461415
525.000,1402.235630
530.000,1384.430912
535.000,1367.035839
540.000,1350.039352
545.000,1333.430740
550.000,1317.199630
555.000,1301.335970
560.000,1285.830023
565.000,1270.672353
570.000,1255.853813
575.000,1241.365539
580.000,1227.198936
585.000,1213.345670
590.000,1199.797661
595.000,1186.547069
600.000,1173.586293
605.000,1160.907954
610.000,1148.504897
615.000,1136.370177
620.000,1124.497050
625.000,1112.878976
630.000,1101.509600
635.000,1090.382756
640.000,1079.492452
645.000,1068.832873
650.000,1058.398368
655.000,1048.183449
660.000,1038.182781
665.000,1028.391182
670.000,1018.803618
675.000,1009.415193
680.000,1000.221148
685.000,991.216858
690.000,982.397826
695.000,973.759678
700.000,965.298160
705.000,957.009135
710.000,948.888579
715.000,940.932577
720.000,933.137317
725.000,925.499094
730.000,918.014300
735.000,910.679422
740.000,903.491042
745.000,896.445832
750.000,889.540552
755.000,882.772046
760.000,876.137241
765.000,869.633144
770.000,863.256840
775.000,857.005488
780.000,850.876321
785.000,844.866643
790.000,838.973826
795.000,833.195310
800.000,827.528597
805.000,821.971255
810.000,816.520911
815.000,811.175253
820.000,805.932026
825.000,800.789029
830.000,795.744119
835.000,790.795202
840.000,785.940238
845.000,781.177236
850.000,776.504253
855.000,771.919393
860.000,767.420807
865.000,763.006689
870.000,758.675277
875.000,754.424851
880.000,750.253733
885.000,746.160282
890.000,742.142898
895.000,738.200018
900.000,734.330116
905.000,730.531700
910.000,726.803316
915.000,723.143540
920.000,719.550982
925.000,716.024286
930.000,712.562126
935.000,709.163204
940.000,705.826254
945.000,702.550038
950.000,699.333347
955.000,696.174998
960.000,693.073834
965.000,690.028726
970.000,687.038568
975.000,684.102280
980.000,681.218805
985.000,678.387109
990.000,675.606183
995.000,672.875038
1000.000,670.192707
1005.000,667.558244
1010.000,664.970723
1015.000,662.429241
1020.000,659.932910
1025.000,657.480864
1030.000,655.072255
1035.000,652.706252
1040.000,650.382045
1045.000,648.098836
1050.000,645.855848
1055.000,643.652319
1060.000,641.487503
1065.000,639.360669
1070.000,637.271103
1075.000,635.218104
1080.000,633.200987
1085.000,631.219080
1090.000,629.271725
1095.000,627.358279
1100.000,625.478111
1105.000,623.630602
1110.000,621.815148
1115.000,620.031155
1120.000,618.278042
1125.000,616.555241
1130.000,614.862192
1135.000,613.198350
1140.000,611.563180
1145.000,609.956155
1150.000,608.376762
1155.000,606.824497
1160.000,605.298865
1165.000,603.799382
1170.000,602.325573
1175.000,600.876973
1180.000,599.453125
1185.000,598.053582
1190.000,596.677905
1195.000,595.325664
1200.000,593.996438
1205.000,592.689812
1210.000,591.405382
1215.000,590.142749
1220.000,588.901523
1225.000,587.681323
1230.000,586.481771
1235.000,585.302502
1240.000,584.143153
1245.000,583.003370
1250.000,581.882806
1255.000,580.781120
1260.000,579.697977
1265.000,578.633051
1270.000,577.586017
1275.000,576.556562
1280.000,575.544374
1285.000,574.549150
1290.000,573.570591
1295.000,572.608405
1300.000,571.662303
1305.000,570.732004
1310.000,569.817231
1315.000,568.917713
1320.000,568.033182
1325.000,567.163376
1330.000,566.308040
1335.000,565.466920
1340.000,564.639769
1345.000,563.826343
1350.000,563.026405
1355.000,562.239719
1360.000,561.466056
1365.000,560.705190
1370.000,559.956900
1375.000,559.220966
1380.000,558.497177
1385.000,557.785321
1390.000,557.085192
1395.000,556.396589
1400.000,555.719312
1405.000,555.053167
1410.000,554.397961
1415.000,553.753506
1420.000,553.119617
1425.000,552.496113
1430.000,551.882815
1435.000,551.279549
1440.000,550.686142
1445.000,550.102424
1450.000,549.528231
1455.000,548.963399
1460.000,548.407767
1465.000,547.861179
1470.000,547.323480
1475.000,546.794518
1480.000,546.274144
1485.000,545.762211
1490.000,545.258576
1495.000,544.763096
1500.000,544.275634
1505.000,543.796052
1510.000,543.324216
1515.000,542.859995
1520.000,542.403259
1525.000,541.953881
1530.000,541.511736
1535.000,541.076701
1540.000,540.648655
1545.000,540.227480
1550.000,539.813059
1555.000,539.405279
1560.000,539.004025
1565.000,538.609188
1570.000,538.220659
1575.000,537.838331
1580.000,537.462100
1585.000,537.091862
1590.000,536.727516
1595.000,536.368962
1600.000,536.016103
1605.000,535.668842
1610.000,535.327085
1615.000,534.990739
1620.000,534.659712
1625.000,534.333916
1630.000,534.013261
1635.000,533.697661
1640.000,533.387031
1645.000,533.081287
1650.000,532.780347
1655.000,532.484130
1660.000,532.192556
1665.000,531.905548
1670.000,531.623028
1675.000,531.344921
1680.000,531.071153
1685.000,530.801652
1690.000,530.536344
1695.000,530.275160
1700.000,530.018031
1705.000,529.764888
1710.000,529.515665
1715.000,529.270295
1720.000,529.028714
1725.000,528.790860
1730.000,528.556668
1735.000,528.326077
1740.000,528.099028
1745.000,527.875461
1750.000,527.655318
1755.000,527.438541
1760.000,527.225073
1765.000,527.014860
1770.000,526.807847
1775.000,526.603981
1780.000,526.403208
1785.000,526.205478
1790.000,526.010738
1795.000,525.818940
1800.000,525.630033
1805.000,525.443971
1810.000,525.260704
1815.000,525.080187
1820.000,524.902373
1825.000,524.727218
1830.000,524.554676
1835.000,524.384706
1840.000,524.217262
1845.000,524.052304
1850.000,523.889790
1855.000,523.729679
1860.000,523.571931
1865.000,523.416506
1870.000,523.263367
1875.000,523.112474
1880.000,522.963791
1885.000,522.817281
1890.000,522.672907
1895.000,522.530634
1900.000,522.390427
1905.000,522.252252
1910.000,522.116075
1915.000,521.981862
1920.000,521.849581
1925.000,521.719200
1930.000,521.590688
1935.000,521.464013
1940.000,521.339144
1945.000,521.216053
1950.000,521.094709
1955.000,520.975083
1960.000,520.857147
1965.000,520.740873
1970.000,520.626233
1975.000,520.513200
1980.000,520.401748
1985.000,520.291851
1990.000,520.183482
1995.000,520.076616
2000.000,519.971229
2005.000,519.867296
2010.000,519.764794
2015.000,519.663697
2020.000,519.563984
2025.000,519.465631
2030.000,519.368616
2035.000,519.272917
2040.000,519.178512
2045.000,519.085380
2050.000,518.993500
2055.000,518.902851
2060.000,518.813412
2065.000,518.725165
2070.000,518.638089
2075.000,518.552165
2080.000,518.467375
2085.000,518.383699
2090.000,518.301119
2095.000,518.219617
2100.000,518.139176
2105.000,518.059778
2110.000,517.981407
2115.000,517.904044
2120.000,517.827674
2125.000,517.752281
2130.000,517.677848
2135.000,517.604360
2140.000,517.531802
2145.000,517.460157
2150.000,517.389412
2155.000,517.319551
2160.000,517.250561
2165.000,517.182426
2170.000,517.115134
2175.000,517.048670
2180.000,516.983021
2185.000,516.918173
2190.000,516.854114
2195.000,516.790831
2200.000,516.728311
2205.000,516.666542
2210.000,516.605511
2215.000,516.545208
2220.000,516.485619
2225.000,516.426734
2230.000,516.368540
2235.000,516.311028
2240.000,516.254185
2245.000,516.198002
2250.000,516.142467
2255.000,516.087570
2260.000,516.033301
2265.000,515.979649
2270.000,515.926606
2275.000,515.874160
2280.000,515.822303
2285.000,515.771025
2290.000,515.720317
2295.000,515.670169
2300.000,515.620573
2305.000,515.571520
2310.000,515.523002
2315.000,515.475009
2320.000,515.427534
2325.000,515.380567
2330.000,515.334102
2335.000,515.288130
2340.000,515.242644
2345.000,515.197635
2350.000,515.153097
2355.000,515.109021
2360.000,515.065400
2365.000,515.022228
2370.000,514.979497
2375.000,514.937200
2380.000,514.895331
2385.000,514.853883
2390.000,514.812848
2395.000,514.772222
2400.000,514.731997
2405.000,514.692167
2410.000,514.652726
2415.000,514.613668
2420.000,514.574986
2425.000,514.536676
2430.000,514.498732
2435.000,514.461147
2440.000,514.423916
2445.000,514.387034
2450.000,514.350495
2455.000,514.314294
2460.000,514.278426
2465.000,514.242886
2470.000,514.207669
2475.000,514.172770
2480.000,514.138183
2485.000,514.103905
2490.000,514.069931
2495.000,514.036255
2500.000,514.002874
2505.000,513.969782
2510.000,513.936977
2515.000,513.904452
2520.000,513.872205
2525.000,513.840230
2530.000,513.808525
2535.000,513.777084
2540.000,513.745904
2545.000,513.714981
2550.000,513.684311
2555.000,513.653891
2560.000,513.623716
2565.000,513.593783
2570.000,513.564089
2575.000,513.534630
2580.000,513.505402
2585.000,513.476402
2590.000,513.447628
2595.000,513.419074
2600.000,513.390739
2605.000,513.362620
2610.000,513.334712
2615.000,513.307013
2620.000,513.279520
2625.000,513.252231
2630.000,513.225141
2635.000,513.198248
2640.000,513.171550
2645.000,513.145044
2650.000,513.118726
2655.000,513.092595
2660.000,513.066647
2665.000,513.040880
2670.000,513.015292
2675.000,512.989880
2680.000,512.964641
2685.000,512.939573
2690.000,512.914674
2695.000,512.889942
2700.000,512.865373
2705.000,512.840967
2710.000,512.816720
2715.000,512.792630
2720.000,512.768695
2725.000,512.744914
2730.000,512.721284
2735.000,512.697802
2740.000,512.674468
2745.000,512.651279
2750.000,512.628233
2755.000,512.605328
2760.000,512.582562
2765.000,512.559934
2770.000,512.537441
2775.000,512.515083
2780.000,512.492856
2785.000,512.470760
2790.000,512.448792
2795.000,512.426951
2800.000,512.405236
2805.000,512.383644
2810.000,512.362174
2815.000,512.340825
2820.000,512.319595
2825.000,512.298483
2830.000,512.277486
2835.000,512.256604
2840.000,512.235835
2845.000,512.215178
2850.000,512.194631
2855.000,512.174193
2860.000,512.153862
2865.000,512.133638
2870.000,512.113519
2875.000,512.093503
2880.000,512.073590
2885.000,512.053777
2890.000,512.034065
2895.000,512.014452
2900.000,511.994936
2905.000,511.975516
2910.000,511.956192
2915.000,511.936961
2920.000,511.917824
2925.000,511.898778
2930.000,511.879824
2935.000,511.860959
2940.000,511.842183
2945.000,511.823494
2950.000,511.804892
2955.000,511.786376
2960.000,511.767945
2965.000,511.749598
2970.000,511.731333
2975.000,511.713150
2980.000,511.695048
2985.000,511.677026
2990.000,511.659084
2995.000,511.641220
3000.000,511.623433
